<?xml version="1.0" encoding="utf-8" ?>
		<hibernate-mapping xmlns="urn:nhibernate-mapping-2.2"
		                   assembly="Diagrama_aureaGen.Infraestructure"
		                   namespace="Diagrama_aureaGen.Infraestructure.EN.Diagrama_aurea">
		    
		    
			
				<class name="ProductoCarritoNH" table="ProductoCarrito"> 
						<id name="IdCarritoProducto" column="attribute"/> 
			
					
					<property name="Cantidad" type="integer"> 
						<column name="cantidad"  not-null="true"/>
					</property>
					<property name="Subtotal" type="float"> 
						<column name="subtotal"  not-null="true"/>
					</property>
			
			
			
		  			
						<many-to-one name="Añadido_a" class="Diagrama_aureaGen.Infraestructure.EN.Diagrama_aurea.ProductoNH" >	
								<column name="FK_idProductoProducto_idProducto"/> 
						</many-to-one>
											 					
			
			
					
					
					
					
		
		 </class>	
		  
		  <query name="ProductoCarritoNHReadAllHQL">from ProductoCarritoNH</query>
		</hibernate-mapping>
	